{"fire_recipes":[{"id":"sky_dust","hash":"-1314925763"},{"id":"devil_dust_secondary","hash":"-613602679"},{"id":"devil_dust","hash":"152898967"}],"wizmodules":[{"id":"modifier_increase_speed","hash":"-1932046283"},{"id":"effect_place","hash":"-1323678982"},{"id":"effect_burn","hash":"-1842489090"},{"id":"effect_zoom","hash":"-1193871915"},{"id":"effect_break","hash":"-1089704603"},{"id":"shape_projectile","hash":"1010255234"},{"id":"effect_time_slow","hash":"1336379395"},{"id":"effect_shatter","hash":"919822739"},{"id":"shape_self","hash":"647954162"},{"id":"effect_vanish","hash":"-1444902834"},{"id":"effect_low_gravity","hash":"-995195792"},{"id":"shape_beam","hash":"-1838992092"},{"id":"effect_lightning","hash":"-1524541196"},{"id":"effect_leap","hash":"773801523"},{"id":"effect_grace","hash":"-963290823"},{"id":"modifier_increase_aoe","hash":"689996403"},{"id":"shape_cone","hash":"194241241"},{"id":"effect_frost","hash":"-2047463468"},{"id":"effect_gravity_well","hash":"1340168628"},{"id":"effect_phase","hash":"1234413311"},{"id":"effect_leech","hash":"-1660621747"},{"id":"effect_crasher_fall","hash":"-594222806"},{"id":"effect_decay","hash":"1420633624"},{"id":"effect_telekinesis","hash":"-1132150214"},{"id":"effect_substitution","hash":"-489862335"},{"id":"modifier_increase_potency","hash":"-768618703"},{"id":"effect_time_lock","hash":"999369985"},{"id":"effect_anti_gravity_well","hash":"426347472"},{"id":"effect_thrive","hash":"-138768392"},{"id":"shape_touch","hash":"-1346447182"},{"id":"shape_zone","hash":"-2048024140"},{"id":"effect_extract","hash":"-985334154"},{"id":"effect_poison_cloud","hash":"378494066"},{"id":"effect_bouncing","hash":"-834072987"},{"id":"effect_backup","hash":"-678381293"},{"id":"effect_suffocate","hash":"-506852389"},{"id":"effect_light","hash":"227189009"},{"id":"modifier_extend_range","hash":"-1282075325"},{"id":"effect_sonic","hash":"325323843"},{"id":"modifier_extend_time","hash":"-1834432895"}],"fluid_recipes":[{"id":"wisdom_log","hash":"-1582625995"},{"id":"wisdom_leaves","hash":"-147722828"},{"id":"mana_battery","hash":"-916619734"},{"id":"codex","hash":"-941725894"},{"id":"wisdom_sapling","hash":"-1852320092"},{"id":"mana_orb","hash":"-1953712894"},{"id":"wisdom_stairs","hash":"-534826132"},{"id":"wisdom_door","hash":"-935910307"},{"id":"temp_real_halo","hash":"1580575868"},{"id":"wisdom_fence_gate","hash":"827782280"},{"id":"unicorn_dagger","hash":"918430143"},{"id":"nacre","hash":"-1075074243"},{"id":"wisdom_stick","hash":"1214418681"},{"id":"wisdom_plank","hash":"-1331345478"},{"id":"wisdom_slab","hash":"-1680796991"},{"id":"wisdom_fence","hash":"1032060181"}]}