{
	"output": {
		"item": "wizardry:halo_real",
		"nbt": "{display:{Lore:[\"§7§oThis is a temporary recipe! Don't rely on it!\"]}}"
	},
	"input": {
		"item": "wizardry:halo_fake"
	},
	"extraInputs": [
		{
			"item": "minecraft:prismarine_shard"
		},
		{
			"item": "minecraft:diamond"
		},
		{
			"item": "minecraft:dragon_breath"
		},
		{
			"item": "wizardry:fairy_dust"
		},
		{
			"item": "wizardry:devil_dust"
		},
		{
			"item": "wizardry:unicorn_horn"
		}
	],
	"required": 8,
	"duration": 600,
	"consume": true,
	"explode": true
}
