{
  "coven_witch": [
    {
      "weight": 2,
      "min": 1,
      "max": 1,
      "biomes": [
        "minecraft:swampland"
      ]
    },
    {
      "weight": 1,
      "min": 1,
      "max": 1,
      "biomes": [
        "minecraft:mutated_birch_forest_hills",
        "minecraft:mutated_redwood_taiga",
        "minecraft:birch_forest_hills",
        "minecraft:mutated_roofed_forest",
        "minecraft:forest_hills",
        "minecraft:mutated_forest",
        "minecraft:mutated_birch_forest",
        "minecraft:mutated_taiga",
        "minecraft:mutated_taiga_cold",
        "minecraft:redwood_taiga",
        "minecraft:taiga_hills",
        "minecraft:taiga",
        "minecraft:taiga_cold_hills",
        "minecraft:extreme_hills_with_trees",
        "minecraft:birch_forest",
        "minecraft:taiga_cold",
        "minecraft:redwood_taiga_hills",
        "minecraft:jungle_edge",
        "minecraft:forest",
        "minecraft:mutated_redwood_taiga_hills",
        "minecraft:roofed_forest"
      ]
    }
  ],
  "spirit": [
    {
      "weight": 1,
      "min": 2,
      "max": 5,
      "biomes": [
        "minecraft:mesa_rock",
        "minecraft:mesa_clear_rock",
        "minecraft:mesa"
      ]
    },
    {
      "weight": 1,
      "min": 2,
      "max": 5,
      "biomes": [
        "minecraft:mutated_birch_forest_hills",
        "minecraft:mutated_redwood_taiga",
        "minecraft:birch_forest_hills",
        "minecraft:mutated_roofed_forest",
        "minecraft:forest_hills",
        "minecraft:mutated_forest",
        "minecraft:mutated_birch_forest",
        "minecraft:mutated_taiga",
        "minecraft:mutated_taiga_cold",
        "minecraft:redwood_taiga",
        "minecraft:taiga_hills",
        "minecraft:taiga",
        "minecraft:taiga_cold_hills",
        "minecraft:extreme_hills_with_trees",
        "minecraft:birch_forest",
        "minecraft:taiga_cold",
        "minecraft:redwood_taiga_hills",
        "minecraft:jungle_edge",
        "minecraft:forest",
        "minecraft:mutated_redwood_taiga_hills",
        "minecraft:roofed_forest"
      ]
    },
    {
      "weight": 1,
      "min": 2,
      "max": 5,
      "biomes": [
        "minecraft:mutated_plains",
        "minecraft:savanna_rock",
        "minecraft:savanna",
        "minecraft:plains"
      ]
    },
    {
      "weight": 1,
      "min": 2,
      "max": 5,
      "biomes": [
        "minecraft:mutated_birch_forest_hills",
        "minecraft:mutated_extreme_hills_with_trees",
        "minecraft:mutated_savanna",
        "minecraft:mutated_mesa",
        "minecraft:ice_mountains",
        "minecraft:mutated_roofed_forest",
        "minecraft:mutated_taiga",
        "minecraft:mutated_taiga_cold",
        "minecraft:extreme_hills",
        "minecraft:mutated_mesa_clear_rock",
        "minecraft:mutated_jungle",
        "minecraft:extreme_hills_with_trees",
        "minecraft:smaller_extreme_hills",
        "minecraft:mutated_extreme_hills"
      ]
    },
    {
      "weight": 1,
      "min": 2,
      "max": 5,
      "biomes": [
        "minecraft:mutated_ice_flats",
        "minecraft:birch_forest_hills",
        "minecraft:forest_hills",
        "minecraft:mutated_forest",
        "minecraft:mutated_birch_forest",
        "minecraft:mutated_mesa_rock",
        "minecraft:jungle_hills",
        "minecraft:desert_hills",
        "minecraft:taiga_hills",
        "minecraft:extreme_hills",
        "minecraft:taiga_cold_hills",
        "minecraft:mutated_jungle_edge",
        "minecraft:mutated_swampland",
        "minecraft:redwood_taiga_hills",
        "minecraft:mutated_savanna_rock",
        "minecraft:mutated_redwood_taiga_hills"
      ]
    },
    {
      "weight": 1,
      "min": 2,
      "max": 5,
      "biomes": [
        "minecraft:swampland",
        "minecraft:mutated_swampland"
      ]
    },
    {
      "weight": 1,
      "min": 2,
      "max": 5,
      "biomes": [
        "minecraft:desert_hills",
        "minecraft:mesa_rock",
        "minecraft:mesa_clear_rock",
        "minecraft:mesa",
        "minecraft:mutated_desert",
        "minecraft:desert"
      ]
    },
    {
      "weight": 1,
      "min": 2,
      "max": 5,
      "biomes": [
        "minecraft:taiga_cold_hills",
        "minecraft:taiga_cold",
        "minecraft:cold_beach",
        "minecraft:mutated_ice_flats",
        "minecraft:ice_mountains",
        "minecraft:ice_flats",
        "minecraft:mutated_taiga_cold",
        "minecraft:frozen_ocean",
        "minecraft:frozen_river"
      ]
    },
    {
      "weight": 1,
      "min": 2,
      "max": 5,
      "biomes": [
        "minecraft:ice_flats"
      ]
    }
  ],
  "goblin": [
    {
      "weight": 4,
      "min": 1,
      "max": 2,
      "biomes": [
        "minecraft:swampland",
        "minecraft:mutated_swampland"
      ]
    },
    {
      "weight": 4,
      "min": 1,
      "max": 3,
      "biomes": [
        "minecraft:mutated_birch_forest_hills",
        "minecraft:mutated_redwood_taiga",
        "minecraft:birch_forest_hills",
        "minecraft:mutated_roofed_forest",
        "minecraft:forest_hills",
        "minecraft:mutated_forest",
        "minecraft:mutated_birch_forest",
        "minecraft:mutated_taiga",
        "minecraft:mutated_taiga_cold",
        "minecraft:redwood_taiga",
        "minecraft:taiga_hills",
        "minecraft:taiga",
        "minecraft:taiga_cold_hills",
        "minecraft:extreme_hills_with_trees",
        "minecraft:birch_forest",
        "minecraft:taiga_cold",
        "minecraft:redwood_taiga_hills",
        "minecraft:jungle_edge",
        "minecraft:forest",
        "minecraft:mutated_redwood_taiga_hills",
        "minecraft:roofed_forest"
      ]
    },
    {
      "weight": 3,
      "min": 1,
      "max": 2,
      "biomes": [
        "minecraft:mutated_plains",
        "minecraft:savanna_rock",
        "minecraft:savanna",
        "minecraft:plains"
      ]
    }
  ],
  "hellhound": [
    {
      "weight": 25,
      "min": 1,
      "max": 3,
      "biomes": [
        "minecraft:hell"
      ]
    }
  ]
}
