{
  "witches_hat": true,
  "babas_hat": true,
  "witches_robes": true,
  "necromancer_robes": true,
  "biting_belt": true,
  "bark_belt": true,
  "icy_slippers": true,
  "ruby_slippers": true,
  "seeping_shoes": true,
  "hunter_hat": true,
  "hunter_coat": true,
  "hunter_leggings": true,
  "hunter_boots": true,
  "silvered_hunter_hat": true,
  "silvered_hunter_coat": true,
  "silvered_hunter_leggings": true,
  "silvered_hunter_boots": true,
  "dawn_hunter_hat": true,
  "dawn_hunter_coat": true,
  "dawn_hunter_leggings": true,
  "dawn_hunter_boots": true,
  "deaths_hood": true,
  "deaths_robe": true,
  "deaths_footwear": true,
  "mogs_quiver": true,
  "gulgs_grudle": true,
  "twisting_band": true,
  "earmuffs": true,
  "vampire_top_hat": true,
  "vampire_veil_hat": true,
  "vampire_helmet": true,
  "vampire_coat": true,
  "vampire_corset": true,
  "vampire_chestplate": true,
  "vampire_trousers": true,
  "vampire_skirt": true,
  "vampire_leggings": true,
  "vampire_shoes": true,
  "vampire_heels": true,
  "vampire_boots": true
}
