{
  "belladonna_seeds": true,
  "mandrake_seeds": true,
  "artichoke_seeds": true,
  "snowbell_seeds": true,
  "wormwood_seeds": true,
  "wolfsbane_seeds": true,
  "garlic": true,
  "mindrake_bulb": true,
  "wild_bramble": true,
  "ender_bramble": true,
  "void_bramble": true,
  "glint_weed": true,
  "spanish_moss": true,
  "leaping_lily": true,
  "ember_moss": true,
  "empty_critter_snare": true,
  "bat_critter_snare": true,
  "silverfish_critter_snare": true,
  "slime_critter_snare": true,
  "magma_cube_critter_snare": true,
  "grassper": true,
  "blood_poppy": true,
  "wispy_cotton": true,
  "web": true,
  "vine": true,
  "cactus": true,
  "waterlily": true,
  "demon_heart": true,
  "wolf_head": true,
  "hellhound_head": true,
  "rowan_door": true,
  "alder_door": true,
  "disguised_alder_door": true,
  "hawthorn_door": true,
  "ice_door": true,
  "chalice": true,
  "full_chalice": true,
  "candelabra": true,
  "placed_item": true,
  "alluring_skull": true,
  "plain_wicker_bundle": true,
  "bloodied_wicker_bundle": true,
  "glow_globe": true,
  "goddess_statue": true,
  "perpetual_ice": true,
  "ice_stairs": true,
  "ice_double_slab": true,
  "ice_slab": true,
  "ice_fence": true,
  "ice_fence_gate": true,
  "ice_pressure_plate": true,
  "snow_pressure_plate": true,
  "snow_stairs": true,
  "snow_double_slab": true,
  "snow_slab": true,
  "infinity_egg": true,
  "removed": true,
  "pit_dirt": true,
  "pit_podzol": true,
  "pit_grass": true,
  "garlic_garland": true,
  "blood_stained_wool": true,
  "mirror_wall": true,
  "refilling_chest": true,
  "force": true,
  "torment_stone": true,
  "barrier": true,
  "leech_chest": true,
  "altar": true,
  "kettle": true,
  "poppet_shelf": true,
  "fleet_foot_dream_weaver": true,
  "iron_arm_dream_weaver": true,
  "fasting_dream_weaver": true,
  "nightmares_dream_weaver": true,
  "intensity_dream_weaver": true,
  "crystal_ball": true,
  "spirit_portal": true,
  "torment_portal": true,
  "spinning_wheel": true,
  "brazier": true,
  "witches_oven": true,
  "witches_oven_burning": true,
  "fume_funnel": true,
  "filtered_fume_funnel": true,
  "distillery": true,
  "distillery_burning": true,
  "scarecrow": true,
  "trent_effigy": true,
  "witchs_ladder": true,
  "spectral_scarecrow": true,
  "spectral_trent_effigy": true,
  "spectral_witchs_ladder": true,
  "occluded_summons_statue": true,
  "broken_curses_statue": true,
  "worship_statue": true,
  "cauldron": true,
  "wolf_altar": true,
  "silver_vat": true,
  "beartrap": true,
  "wolftrap": true,
  "light": true,
  "sun_collector": true,
  "blood_crucible": true,
  "mirror": true,
  "unbreakable_mirror": true,
  "heart_circle_glyph": true,
  "ritual_circle_glyph": true,
  "otherwhere_circle_glyph": true,
  "infernal_circle_glyph": true,
  "flowing_spirit": true,
  "hollow_tears": true,
  "disease": true,
  "gas_brew": true,
  "liquid_brew": true,
  "brew": true,
  "clever": true,
  "cwoodendoor": true,
  "cwoodpressureplate": true,
  "cstonepressureplate": true,
  "csnowpressureplate": true,
  "cbuttonwood": true,
  "cbuttonstone": true,
  "white_coffin": true,
  "orange_coffin": true,
  "magenta_coffin": true,
  "light_blue_coffin": true,
  "yellow_coffin": true,
  "lime_coffin": true,
  "pink_coffin": true,
  "gray_coffin": true,
  "silver_coffin": true,
  "cyan_coffin": true,
  "purple_coffin": true,
  "blue_coffin": true,
  "brown_coffin": true,
  "green_coffin": true,
  "red_coffin": true,
  "black_coffin": true,
  "white_shaded_glass": true,
  "orange_shaded_glass": true,
  "magenta_shaded_glass": true,
  "light_blue_shaded_glass": true,
  "yellow_shaded_glass": true,
  "lime_shaded_glass": true,
  "pink_shaded_glass": true,
  "gray_shaded_glass": true,
  "silver_shaded_glass": true,
  "cyan_shaded_glass": true,
  "purple_shaded_glass": true,
  "blue_shaded_glass": true,
  "brown_shaded_glass": true,
  "green_shaded_glass": true,
  "red_shaded_glass": true,
  "black_shaded_glass": true,
  "white_activated_shaded_glass": true,
  "orange_activated_shaded_glass": true,
  "magenta_activated_shaded_glass": true,
  "light_blue_activated_shaded_glass": true,
  "yellow_activated_shaded_glass": true,
  "lime_activated_shaded_glass": true,
  "pink_activated_shaded_glass": true,
  "gray_activated_shaded_glass": true,
  "silver_activated_shaded_glass": true,
  "cyan_activated_shaded_glass": true,
  "purple_activated_shaded_glass": true,
  "blue_activated_shaded_glass": true,
  "brown_activated_shaded_glass": true,
  "green_activated_shaded_glass": true,
  "red_activated_shaded_glass": true,
  "black_activated_shaded_glass": true,
  "rose_web_plant_mine": true,
  "rose_ink_plant_mine": true,
  "rose_thorn_plant_mine": true,
  "rose_sprouting_plant_mine": true,
  "dandelion_web_plant_mine": true,
  "dandelion_ink_plant_mine": true,
  "dandelion_thorn_plant_mine": true,
  "dandelion_sprouting_plant_mine": true,
  "dead_bush_web_plant_mine": true,
  "dead_bush_ink_plant_mine": true,
  "dead_bush_thorn_plant_mine": true,
  "dead_bush_sprouting_plant_mine": true,
  "oak_stockade": true,
  "spruce_stockade": true,
  "birch_stockade": true,
  "jungle_stockade": true,
  "acacia_stockade": true,
  "dark_oak_stockade": true,
  "rowan_stockade": true,
  "alder_stockade": true,
  "hawthorn_stockade": true,
  "ice_stockade": true,
  "rowan_log": true,
  "rowan_planks": true,
  "rowan_slab": true,
  "rowan_double_slab": true,
  "rowan_stairs": true,
  "rowan_fence": true,
  "rowan_fence_gate": true,
  "rowan_sapling": true,
  "rowan_leaves": true,
  "alder_log": true,
  "alder_planks": true,
  "alder_slab": true,
  "alder_double_slab": true,
  "alder_stairs": true,
  "alder_fence": true,
  "alder_fence_gate": true,
  "alder_sapling": true,
  "alder_leaves": true,
  "hawthorn_log": true,
  "hawthorn_planks": true,
  "hawthorn_slab": true,
  "hawthorn_double_slab": true,
  "hawthorn_stairs": true,
  "hawthorn_fence": true,
  "hawthorn_fence_gate": true,
  "hawthorn_sapling": true,
  "hawthorn_leaves": true
}
