{
  "demon": true,
  "broom": true,
  "witch_projectile": true,
  "spectral_familiar": true,
  "mandrake": true,
  "treefyd": true,
  "horned_huntsman": true,
  "spell_effect": true,
  "ent": true,
  "illusion_creeper": true,
  "illusion_spider": true,
  "illusion_zombie": true,
  "owl": true,
  "toad": true,
  "cat_familiar": true,
  "parasytic_louse": true,
  "eye": true,
  "baba_yaga": true,
  "coven_witch": true,
  "sleeping_body": true,
  "nightmare": true,
  "spectre": true,
  "poltergeist": true,
  "banshee": true,
  "spirit": true,
  "death": true,
  "crossbow_bolt": true,
  "witch_hunter": true,
  "lord_of_torment": true,
  "soulfire": true,
  "imp": true,
  "morsmordre": true,
  "mindrake": true,
  "goblin": true,
  "goblin_mog": true,
  "goblin_gulg": true,
  "brew": true,
  "ritual_item": true,
  "droplet": true,
  "splatter": true,
  "leonard": true,
  "lost_soul": true,
  "werewolf": true,
  "hellhound": true,
  "were_villager": true,
  "village_guard": true,
  "vampire": true,
  "quartz_grenade": true,
  "lilith": true,
  "elle": true,
  "fairest": true,
  "duplicate": true,
  "winged_monkey": true,
  "attack_bat": true,
  "mirror_face": true,
  "reflection": true,
  "huntsmans_spear": true,
  "brew_effect_cloud": true,
  "witch_boat": true
}
