{
  "accio": true,
  "aguamenti": true,
  "alohomora": true,
  "avada_kedavra": true,
  "cave_inimicum": true,
  "colloportus": true,
  "confundus": true,
  "crucio": true,
  "defodio": true,
  "ennervate": true,
  "episkey": true,
  "expelliarmus": true,
  "flagrate": true,
  "flipendo": true,
  "impedimenta": true,
  "imperio": true,
  "incendio": true,
  "lumos": true,
  "meteolojinx_recanto": true,
  "nox": true,
  "protego": true,
  "stupefy": true,
  "ignianima": true,
  "carnosa_diem": true,
  "morsmordre": true,
  "tormentum": true,
  "caelum": true,
  "baratrum": true,
  "ortus": true,
  "occasus": true,
  "attraho": true
}
