{
  "redstone_soup": true,
  "flying_ointment": true,
  "light_ghost": true,
  "world_soul": true,
  "otherwhere_spirit": true,
  "infernal_animus": true,
  "mystic_unguent": true,
  "infused_brew_base": true,
  "vines_brew": true,
  "webs_brew": true,
  "thorns_brew": true,
  "ink_brew": true,
  "sprouting_brew": true,
  "erosion_brew": true,
  "raising_brew": true,
  "love_brew": true,
  "ice_brew": true,
  "frogs_tongue_brew": true,
  "cursed_leaping_brew": true,
  "hitchcock_brew": true,
  "infection_brew": true,
  "flowing_spirit_brew": true,
  "hollow_tears_brew": true,
  "wasting_brew": true,
  "bats_brew": true,
  "revealing_brew": true,
  "substitution_brew": true,
  "grotesque_brew": true,
  "depths_brew": true,
  "sleeping_brew": true,
  "congealed_spirit": true,
  "infused_soaring_brew": true,
  "infused_grave_brew": true,
  "solidifying_stone_brew": true,
  "solidifying_dirt_brew": true,
  "solidifying_sand_brew": true,
  "solidifying_sandstone_brew": true,
  "solidifying_erosion_brew": true,
  "hunger_demon_soul": true,
  "anguish_demon_soul": true,
  "fear_demon_soul": true,
  "torment_demon_soul": true
}
