{
  "taglock_kit": true,
  "bound_taglock_kit": true,
  "universal_antidote": true,
  "meaty_stew": true,
  "raw_meaty_stew": true,
  "boline": true,
  "arthana": true,
  "huntsmans_spear": true,
  "crossbow_pistol": true,
  "deaths_hand": true,
  "deployed_deaths_hand": true,
  "silver_sword": true,
  "cane_sword": true,
  "drawn_cane_sword": true,
  "witches_hand": true,
  "circle_talisman": true,
  "mystic_branch": true,
  "water_diviner": true,
  "lava_diviner": true,
  "polynesia_charm": true,
  "devils_tongue_charm": true,
  "mutating_sprig": true,
  "parasytic_louse": true,
  "brew_bag": true,
  "spectral_stone": true,
  "poppet_shelf_compass": true,
  "koboldite_pickaxe": true,
  "brew_bottle": true,
  "splash_brew_bottle": true,
  "lingering_brew_bottle": true,
  "combustion_brew": true,
  "endless_water_brew": true,
  "biome_note": true,
  "leonards_urn1": true,
  "leonards_urn2": true,
  "leonards_urn3": true,
  "leonards_urn4": true,
  "player_compass": true,
  "moon_charm": true,
  "hunts_horn": true,
  "creative_medallion": true,
  "glass_goblet": true,
  "full_glass_goblet": true,
  "sun_grenade": true,
  "duplication_grenade": true,
  "rowan_boat": true,
  "alder_boat": true,
  "hawthorn_boat": true
}
