{
  "bone_needle": true,
  "broom": true,
  "enchanted_broom": true,
  "attuned_stone": true,
  "charged_attuned_stone": true,
  "waystone": true,
  "bound_waystone": true,
  "blooded_waystone": true,
  "mutandis": true,
  "mutandis_extremis": true,
  "quicklime": true,
  "gypsum": true,
  "wood_ash": true,
  "belladonna_flower": true,
  "mandrake_root": true,
  "snowbell_flower": true,
  "bat_wool": true,
  "concentrated_bat_ball": true,
  "dog_tongue": true,
  "refined_evil": true,
  "odd_porkchop": true,
  "cooked_odd_porkchop": true,
  "rowan_door_key": true,
  "rowan_keyring": true,
  "rock": true,
  "dense_web": true,
  "rowan_berries": true,
  "necromantic_stone": true,
  "spectral_dust": true,
  "artichoke_globe": true,
  "treefyd_seeds": true,
  "impregnated_leather": true,
  "fume_filter": true,
  "creeper_heart": true,
  "frozen_heart": true,
  "icy_needle": true,
  "ent_twig": true,
  "owlets_wing": true,
  "frogs_toe": true,
  "wormy_apple": true,
  "quartz_sphere": true,
  "happenstance_oil": true,
  "seer_stone": true,
  "sleeping_apple": true,
  "disturbed_cotton": true,
  "fanciful_thread": true,
  "tormented_twine": true,
  "golden_thread": true,
  "fanciful_thinking_charm": true,
  "wormwood": true,
  "subdued_spirit": true,
  "subdued_village_spirit": true,
  "graveyard_dust": true,
  "binkys_skull": true,
  "null_catalyst": true,
  "nullified_leather": true,
  "koboldite_dust": true,
  "koboldite_nugget": true,
  "koboldite_ingot": true,
  "pentacle": true,
  "anointing_paste": true,
  "wolfsbane": true,
  "silver_deposits": true,
  "sheep_liver": true,
  "cooked_sheep_liver": true,
  "torn_page": true,
  "woven_cruor": true,
  "stake": true,
  "warm_blood": true,
  "liliths_blood": true,
  "golden_heart": true
}
